{"v":"5.5.7","meta":{"g":"LottieFiles AE 0.1.20","a":"","k":"","d":"","tc":""},"fr":30,"ip":0,"op":100,"w":700,"h":700,"nm":"3 Signature","ddd":0,"assets":[],"layers":[{"ddd":0,"ind":1,"ty":3,"nm":"pen flow","sr":1,"ks":{"o":{"a":0,"k":100,"ix":11},"r":{"a":1,"k":[{"i":{"x":[0.21],"y":[1]},"o":{"x":[0.167],"y":[0.167]},"t":0,"s":[44]},{"t":28.75,"s":[0]}],"ix":10},"p":{"a":1,"k":[{"i":{"x":0.21,"y":1},"o":{"x":0.167,"y":0.167},"t":0,"s":[459.819,529.724,0],"to":[0,0,0],"ti":[0,0,0]},{"i":{"x":0.32,"y":0.32},"o":{"x":0.167,"y":0.167},"t":28.75,"s":[170.819,529.724,0],"to":[0,0,0],"ti":[0,0,0]},{"i":{"x":0.33,"y":1},"o":{"x":0.622,"y":0},"t":51.25,"s":[170.819,529.724,0],"to":[0,0,0],"ti":[0,0,0]},{"t":100,"s":[235.819,529.724,0]}],"ix":2},"a":{"a":0,"k":[60,60,0],"ix":1},"s":{"a":0,"k":[50,50,100],"ix":6}},"ao":0,"ip":0,"op":100,"st":-100,"bm":0},{"ddd":0,"ind":2,"ty":4,"nm":"pen","parent":1,"sr":1,"ks":{"o":{"a":0,"k":100,"ix":11},"r":{"a":1,"k":[{"i":{"x":[0.833],"y":[0.833]},"o":{"x":[0.67],"y":[0]},"t":12.5,"s":[0]},{"i":{"x":[0.833],"y":[1]},"o":{"x":[0.167],"y":[0.167]},"t":50,"s":[-27]},{"t":72.5,"s":[0]}],"ix":10},"p":{"a":1,"k":[{"i":{"x":0.784,"y":0.39},"o":{"x":0.475,"y":0},"t":12.5,"s":[60,60,0],"to":[-0.178,14.879,0],"ti":[-4.407,-14.192,0]},{"i":{"x":0.685,"y":0.653},"o":{"x":0.353,"y":0.319},"t":32.175,"s":[65.092,118.144,0],"to":[0.826,3.197,0],"ti":[-2.907,-1.537,0]},{"i":{"x":0.673,"y":0.663},"o":{"x":0.339,"y":0.329},"t":33.763,"s":[71.773,131.025,0],"to":[0.012,0.003,0],"ti":[-3.635,-0.42,0]},{"i":{"x":0.681,"y":0.658},"o":{"x":0.348,"y":0.324},"t":34.235,"s":[76.639,132.104,0],"to":[1.714,-0.433,0],"ti":[-4.961,2.996,0]},{"i":{"x":0.705,"y":0.649},"o":{"x":0.376,"y":0.313},"t":35.306,"s":[88.016,126.971,0],"to":[10.095,-5.755,0],"ti":[-11.694,7.814,0]},{"i":{"x":0.706,"y":0.655},"o":{"x":0.403,"y":0.312},"t":37.936,"s":[121.198,105.365,0],"to":[45.907,-31.157,0],"ti":[-20.497,-10.677,0]},{"i":{"x":0.652,"y":0.671},"o":{"x":0.329,"y":0.335},"t":42.141,"s":[206.74,68.347,0],"to":[20.002,9.824,0],"ti":[0.362,-14.641,0]},{"i":{"x":0.646,"y":0.673},"o":{"x":0.316,"y":0.338},"t":44.181,"s":[217.524,117.758,0],"to":[-0.512,16.815,0],"ti":[-18.785,5.593,0]},{"i":{"x":0.621,"y":0.684},"o":{"x":0.295,"y":0.348},"t":45.559,"s":[238.93,126.117,0],"to":[13.789,-4.207,0],"ti":[-16.675,-2.709,0]},{"i":{"x":0.654,"y":0.673},"o":{"x":0.321,"y":0.339},"t":48.136,"s":[285.852,120.106,0],"to":[4.121,0.47,0],"ti":[-3.8,-1.384,0]},{"i":{"x":0.628,"y":0.69},"o":{"x":0.298,"y":0.355},"t":48.974,"s":[297.71,123.101,0],"to":[8.288,2.288,0],"ti":[-11.211,-6.489,0]},{"i":{"x":0.51,"y":1},"o":{"x":0.206,"y":0.603},"t":51.713,"s":[324.584,139.737,0],"to":[13.591,7.867,0],"ti":[-15.461,2.828,0]},{"t":72.5,"s":[392.161,137.098,0]}],"ix":2},"a":{"a":0,"k":[4.384,415.148,0],"ix":1},"s":{"a":0,"k":[100,100,100],"ix":6}},"ao":0,"shapes":[{"ty":"gr","it":[{"ind":0,"ty":"sh","ix":1,"ks":{"a":0,"k":{"i":[[0,0],[0,0],[0,0],[0,0],[0,0]],"o":[[0,0],[0,0],[0,0],[0,0],[0,0]],"v":[[145.597,232.901],[90.456,210.059],[35.54,187.31],[284.218,-411.76],[394.278,-366.178]],"c":true},"ix":2},"nm":"Path 1","mn":"ADBE Vector Shape - Group","hd":false},{"ind":1,"ty":"sh","ix":2,"ks":{"a":0,"k":{"i":[[0,0],[0,0],[-22.235,-9.223],[-1.483,-4.422],[0,0]],"o":[[0,0],[4.178,-2.089],[22.253,9.214],[0,0],[0,0]],"v":[[301.939,-406.707],[321.477,-453.863],[364.057,-446.756],[399.194,-421.673],[379.662,-374.512]],"c":false},"ix":2},"nm":"Path 2","mn":"ADBE Vector Shape - Group","hd":false},{"ind":2,"ty":"sh","ix":3,"ks":{"a":0,"k":{"i":[[0,0],[22.491,-29.369],[0,0],[-16.324,49.04]],"o":[[-23.133,46.21],[0,0],[4.861,-36.668],[0,0]],"v":[[145.597,232.901],[39.566,388.974],[1.074,373.032],[35.54,187.31]],"c":false},"ix":2},"nm":"Path 3","mn":"ADBE Vector Shape - Group","hd":false},{"ty":"st","c":{"a":0,"k":[0.066666666667,0.254901960784,0.549019607843,1],"ix":3},"o":{"a":0,"k":100,"ix":4},"w":{"a":0,"k":9.259,"ix":5},"lc":2,"lj":2,"bm":0,"nm":"Stroke 2","mn":"ADBE Vector Graphic - Stroke","hd":false},{"ty":"fl","c":{"a":0,"k":[0.227450995352,0.552941176471,0.870588295133,1],"ix":4},"o":{"a":0,"k":100,"ix":5},"r":1,"bm":0,"nm":"Fill 1","mn":"ADBE Vector Graphic - Fill","hd":false},{"ty":"tr","p":{"a":0,"k":[0,0],"ix":2},"a":{"a":0,"k":[0,0],"ix":1},"s":{"a":0,"k":[100,100],"ix":3},"r":{"a":0,"k":0,"ix":6},"o":{"a":0,"k":100,"ix":7},"sk":{"a":0,"k":0,"ix":4},"sa":{"a":0,"k":0,"ix":5},"nm":"Transform"}],"nm":"Group 1","np":5,"cix":2,"bm":0,"ix":1,"mn":"ADBE Vector Group","hd":false},{"ty":"gr","it":[{"ind":0,"ty":"sh","ix":1,"ks":{"a":0,"k":{"i":[[-2.957,7.125],[0,0]],"o":[[0,0],[0,0]],"v":[[4.863,415.296],[18.915,381.376]],"c":false},"ix":2},"nm":"Path 5","mn":"ADBE Vector Shape - Group","hd":false},{"ind":1,"ty":"sh","ix":2,"ks":{"a":0,"k":{"i":[[-2.956,7.125],[0,0],[-15.046,6.23],[-11.221,-1.93]],"o":[[0,0],[6.23,-15.046],[10.762,-4.466],[0,0]],"v":[[115.963,-126.708],[201.311,-332.76],[234.306,-365.755],[267.83,-369.497]],"c":false},"ix":2},"nm":"Path 4","mn":"ADBE Vector Shape - Group","hd":false},{"ty":"st","c":{"a":0,"k":[0.541176470588,0.717647058824,0.913725550034,1],"ix":3},"o":{"a":0,"k":100,"ix":4},"w":{"a":0,"k":9.259,"ix":5},"lc":2,"lj":2,"bm":0,"nm":"Stroke 1","mn":"ADBE Vector Graphic - Stroke","hd":false},{"ty":"tr","p":{"a":0,"k":[0,0],"ix":2},"a":{"a":0,"k":[0,0],"ix":1},"s":{"a":0,"k":[100,100],"ix":3},"r":{"a":0,"k":0,"ix":6},"o":{"a":0,"k":100,"ix":7},"sk":{"a":0,"k":0,"ix":4},"sa":{"a":0,"k":0,"ix":5},"nm":"Transform"}],"nm":"Group 2","np":3,"cix":2,"bm":0,"ix":2,"mn":"ADBE Vector Group","hd":false}],"ip":0,"op":100,"st":0,"bm":0},{"ddd":0,"ind":3,"ty":4,"nm":"signature","sr":1,"ks":{"o":{"a":0,"k":100,"ix":11},"r":{"a":0,"k":0,"ix":10},"p":{"a":0,"k":[279.627,343.231,0],"ix":2},"a":{"a":0,"k":[417.952,600.055,0],"ix":1},"s":{"a":0,"k":[50,50,100],"ix":6}},"ao":0,"shapes":[{"ty":"gr","it":[{"ty":"gr","it":[{"ind":0,"ty":"sh","ix":1,"ks":{"a":0,"k":{"i":[[-11.903,8.092],[13.591,7.867],[8.288,2.288],[4.121,0.47],[13.789,-4.206],[-0.512,16.815],[20.002,9.824],[45.907,-31.157],[10.095,-5.755],[1.714,-0.433],[0.012,0.003],[0.826,3.197],[-0.178,14.879]],"o":[[-15.461,2.828],[-11.211,-6.489],[-3.8,-1.384],[-16.675,-2.709],[-18.785,5.593],[0.362,-14.641],[-20.497,-10.677],[-11.694,7.814],[-4.961,2.996],[-3.635,-0.42],[-2.907,-1.537],[-4.407,-14.192],[-4.202,9.26]],"v":[[-68.807,447.731],[-136.383,450.37],[-163.257,433.734],[-175.115,430.739],[-222.038,436.75],[-243.444,428.391],[-254.228,378.98],[-339.769,415.998],[-372.951,437.605],[-384.329,442.737],[-389.195,441.658],[-395.876,428.777],[-400.967,370.633]],"c":false},"ix":2},"nm":"Path 1","mn":"ADBE Vector Shape - Group","hd":false},{"ty":"st","c":{"a":0,"k":[0.066666666667,0.254901960784,0.549019607843,1],"ix":3},"o":{"a":0,"k":100,"ix":4},"w":{"a":0,"k":9.259,"ix":5},"lc":2,"lj":2,"bm":0,"nm":"Stroke 1","mn":"ADBE Vector Graphic - Stroke","hd":false},{"ty":"tr","p":{"a":0,"k":[0,0],"ix":2},"a":{"a":0,"k":[0,0],"ix":1},"s":{"a":0,"k":[100,100],"ix":3},"r":{"a":0,"k":0,"ix":6},"o":{"a":0,"k":100,"ix":7},"sk":{"a":0,"k":0,"ix":4},"sa":{"a":0,"k":0,"ix":5},"nm":"Transform"}],"nm":"Group 1","np":2,"cix":2,"bm":0,"ix":1,"mn":"ADBE Vector Group","hd":false},{"ty":"tr","p":{"a":0,"k":[365.102,1012.224],"ix":2},"a":{"a":0,"k":[-234.898,412.224],"ix":1},"s":{"a":0,"k":[100,100],"ix":3},"r":{"a":0,"k":0,"ix":6},"o":{"a":0,"k":100,"ix":7},"sk":{"a":0,"k":0,"ix":4},"sa":{"a":0,"k":0,"ix":5},"nm":"Transform"}],"nm":"Layer 7","np":1,"cix":2,"bm":0,"ix":1,"mn":"ADBE Vector Group","hd":false},{"ty":"tm","s":{"a":1,"k":[{"i":{"x":[0.25],"y":[1]},"o":{"x":[0.75],"y":[0]},"t":162.784,"s":[100]},{"t":177.5,"s":[0]}],"ix":1},"e":{"a":1,"k":[{"i":{"x":[0.249],"y":[1]},"o":{"x":[0.355],"y":[0]},"t":27.5,"s":[100]},{"t":67.5,"s":[0]}],"ix":2},"o":{"a":0,"k":0,"ix":3},"m":2,"ix":2,"nm":"Trim Paths 1","mn":"ADBE Vector Filter - Trim","hd":false}],"ip":0,"op":100,"st":-116.25,"bm":0},{"ddd":0,"ind":4,"ty":4,"nm":"lines","sr":1,"ks":{"o":{"a":0,"k":100,"ix":11},"r":{"a":0,"k":0,"ix":10},"p":{"a":0,"k":[279.627,343.231,0],"ix":2},"a":{"a":0,"k":[417.952,600.055,0],"ix":1},"s":{"a":0,"k":[50,50,100],"ix":6}},"ao":0,"shapes":[{"ty":"gr","it":[{"ty":"gr","it":[{"ind":0,"ty":"sh","ix":1,"ks":{"a":0,"k":{"i":[[0,0],[0,0]],"o":[[0,0],[0,0]],"v":[[-158.529,188.257],[-396.527,188.257]],"c":false},"ix":2},"nm":"Path 1","mn":"ADBE Vector Shape - Group","hd":false},{"ty":"st","c":{"a":0,"k":[0.066666666667,0.254901960784,0.549019607843,1],"ix":3},"o":{"a":0,"k":100,"ix":4},"w":{"a":0,"k":9.259,"ix":5},"lc":1,"lj":1,"ml":10,"bm":0,"nm":"Stroke 1","mn":"ADBE Vector Graphic - Stroke","hd":false},{"ty":"tr","p":{"a":0,"k":[0,0],"ix":2},"a":{"a":0,"k":[0,0],"ix":1},"s":{"a":0,"k":[100,100],"ix":3},"r":{"a":0,"k":0,"ix":6},"o":{"a":0,"k":100,"ix":7},"sk":{"a":0,"k":0,"ix":4},"sa":{"a":0,"k":0,"ix":5},"nm":"Transform"}],"nm":"Group 1","np":2,"cix":2,"bm":0,"ix":1,"mn":"ADBE Vector Group","hd":false},{"ty":"tr","p":{"a":0,"k":[322.472,788.257],"ix":2},"a":{"a":0,"k":[-277.528,188.257],"ix":1},"s":{"a":0,"k":[100,100],"ix":3},"r":{"a":0,"k":0,"ix":6},"o":{"a":0,"k":100,"ix":7},"sk":{"a":0,"k":0,"ix":4},"sa":{"a":0,"k":0,"ix":5},"nm":"Transform"}],"nm":"Layer 5","np":1,"cix":2,"bm":0,"ix":1,"mn":"ADBE Vector Group","hd":false},{"ty":"gr","it":[{"ty":"gr","it":[{"ind":0,"ty":"sh","ix":1,"ks":{"a":0,"k":{"i":[[0,0],[0,0]],"o":[[0,0],[0,0]],"v":[[26.346,-407.41],[-255.569,-407.41]],"c":false},"ix":2},"nm":"Path 1","mn":"ADBE Vector Shape - Group","hd":false},{"ty":"st","c":{"a":0,"k":[0.066666666667,0.254901960784,0.549019607843,1],"ix":3},"o":{"a":0,"k":100,"ix":4},"w":{"a":0,"k":9.259,"ix":5},"lc":1,"lj":1,"ml":10,"bm":0,"nm":"Stroke 1","mn":"ADBE Vector Graphic - Stroke","hd":false},{"ty":"tr","p":{"a":0,"k":[0,0],"ix":2},"a":{"a":0,"k":[0,0],"ix":1},"s":{"a":0,"k":[100,100],"ix":3},"r":{"a":0,"k":0,"ix":6},"o":{"a":0,"k":100,"ix":7},"sk":{"a":0,"k":0,"ix":4},"sa":{"a":0,"k":0,"ix":5},"nm":"Transform"}],"nm":"Group 1","np":2,"cix":2,"bm":0,"ix":1,"mn":"ADBE Vector Group","hd":false},{"ty":"tr","p":{"a":0,"k":[485.388,192.59],"ix":2},"a":{"a":0,"k":[-114.612,-407.41],"ix":1},"s":{"a":0,"k":[100,100],"ix":3},"r":{"a":0,"k":0,"ix":6},"o":{"a":0,"k":100,"ix":7},"sk":{"a":0,"k":0,"ix":4},"sa":{"a":0,"k":0,"ix":5},"nm":"Transform"}],"nm":"Layer 4","np":1,"cix":2,"bm":0,"ix":2,"mn":"ADBE Vector Group","hd":false},{"ty":"gr","it":[{"ty":"gr","it":[{"ind":0,"ty":"sh","ix":1,"ks":{"a":0,"k":{"i":[[0,0],[0,0]],"o":[[0,0],[0,0]],"v":[[-158.529,-21.566],[-396.527,-21.566]],"c":false},"ix":2},"nm":"Path 1","mn":"ADBE Vector Shape - Group","hd":false},{"ty":"st","c":{"a":0,"k":[0.066666666667,0.254901960784,0.549019607843,1],"ix":3},"o":{"a":0,"k":100,"ix":4},"w":{"a":0,"k":9.259,"ix":5},"lc":1,"lj":1,"ml":10,"bm":0,"nm":"Stroke 1","mn":"ADBE Vector Graphic - Stroke","hd":false},{"ty":"tr","p":{"a":0,"k":[0,0],"ix":2},"a":{"a":0,"k":[0,0],"ix":1},"s":{"a":0,"k":[100,100],"ix":3},"r":{"a":0,"k":0,"ix":6},"o":{"a":0,"k":100,"ix":7},"sk":{"a":0,"k":0,"ix":4},"sa":{"a":0,"k":0,"ix":5},"nm":"Transform"}],"nm":"Group 1","np":2,"cix":2,"bm":0,"ix":1,"mn":"ADBE Vector Group","hd":false},{"ty":"tr","p":{"a":0,"k":[322.472,578.434],"ix":2},"a":{"a":0,"k":[-277.528,-21.566],"ix":1},"s":{"a":0,"k":[100,100],"ix":3},"r":{"a":0,"k":0,"ix":6},"o":{"a":0,"k":100,"ix":7},"sk":{"a":0,"k":0,"ix":4},"sa":{"a":0,"k":0,"ix":5},"nm":"Transform"}],"nm":"Layer 3","np":1,"cix":2,"bm":0,"ix":3,"mn":"ADBE Vector Group","hd":false},{"ty":"gr","it":[{"ty":"gr","it":[{"ind":0,"ty":"sh","ix":1,"ks":{"a":0,"k":{"i":[[1.52,13.483],[0,0]],"o":[[0,0],[0,0]],"v":[[-8.303,-144.014],[-396.527,-144.014]],"c":false},"ix":2},"nm":"Path 1","mn":"ADBE Vector Shape - Group","hd":false},{"ty":"st","c":{"a":0,"k":[0.066666666667,0.254901960784,0.549019607843,1],"ix":3},"o":{"a":0,"k":100,"ix":4},"w":{"a":0,"k":9.259,"ix":5},"lc":1,"lj":1,"ml":10,"bm":0,"nm":"Stroke 1","mn":"ADBE Vector Graphic - Stroke","hd":false},{"ty":"tr","p":{"a":0,"k":[0,0],"ix":2},"a":{"a":0,"k":[0,0],"ix":1},"s":{"a":0,"k":[100,100],"ix":3},"r":{"a":0,"k":0,"ix":6},"o":{"a":0,"k":100,"ix":7},"sk":{"a":0,"k":0,"ix":4},"sa":{"a":0,"k":0,"ix":5},"nm":"Transform"}],"nm":"Group 1","np":2,"cix":2,"bm":0,"ix":1,"mn":"ADBE Vector Group","hd":false},{"ty":"tr","p":{"a":0,"k":[397.585,455.986],"ix":2},"a":{"a":0,"k":[-202.415,-144.014],"ix":1},"s":{"a":0,"k":[100,100],"ix":3},"r":{"a":0,"k":0,"ix":6},"o":{"a":0,"k":100,"ix":7},"sk":{"a":0,"k":0,"ix":4},"sa":{"a":0,"k":0,"ix":5},"nm":"Transform"}],"nm":"Layer 2","np":1,"cix":2,"bm":0,"ix":4,"mn":"ADBE Vector Group","hd":false},{"ty":"gr","it":[{"ty":"gr","it":[{"ind":0,"ty":"sh","ix":1,"ks":{"a":0,"k":{"i":[[0,0],[0,0]],"o":[[0,0],[0,0]],"v":[[32.431,-266.453],[-396.527,-266.453]],"c":false},"ix":2},"nm":"Path 1","mn":"ADBE Vector Shape - Group","hd":false},{"ty":"st","c":{"a":0,"k":[0.066666666667,0.254901960784,0.549019607843,1],"ix":3},"o":{"a":0,"k":100,"ix":4},"w":{"a":0,"k":9.259,"ix":5},"lc":1,"lj":1,"ml":10,"bm":0,"nm":"Stroke 1","mn":"ADBE Vector Graphic - Stroke","hd":false},{"ty":"tr","p":{"a":0,"k":[0,0],"ix":2},"a":{"a":0,"k":[0,0],"ix":1},"s":{"a":0,"k":[100,100],"ix":3},"r":{"a":0,"k":0,"ix":6},"o":{"a":0,"k":100,"ix":7},"sk":{"a":0,"k":0,"ix":4},"sa":{"a":0,"k":0,"ix":5},"nm":"Transform"}],"nm":"Group 1","np":2,"cix":2,"bm":0,"ix":1,"mn":"ADBE Vector Group","hd":false},{"ty":"tr","p":{"a":0,"k":[417.952,333.547],"ix":2},"a":{"a":0,"k":[-182.048,-266.453],"ix":1},"s":{"a":0,"k":[100,100],"ix":3},"r":{"a":0,"k":0,"ix":6},"o":{"a":0,"k":100,"ix":7},"sk":{"a":0,"k":0,"ix":4},"sa":{"a":0,"k":0,"ix":5},"nm":"Transform"}],"nm":"Layer 1","np":1,"cix":2,"bm":0,"ix":5,"mn":"ADBE Vector Group","hd":false},{"ty":"tm","s":{"a":1,"k":[{"i":{"x":[0.25],"y":[1]},"o":{"x":[0.75],"y":[0]},"t":159.034,"s":[100]},{"t":173.75,"s":[0]}],"ix":1},"e":{"a":1,"k":[{"i":{"x":[0.28],"y":[1]},"o":{"x":[0.72],"y":[0]},"t":0,"s":[100]},{"t":35.318359375,"s":[0]}],"ix":2},"o":{"a":0,"k":0,"ix":3},"m":2,"ix":6,"nm":"Trim Paths 1","mn":"ADBE Vector Filter - Trim","hd":false}],"ip":0,"op":100,"st":-116.25,"bm":0},{"ddd":0,"ind":5,"ty":1,"nm":"bg","sr":1,"ks":{"o":{"a":0,"k":100,"ix":11},"r":{"a":0,"k":0,"ix":10},"p":{"a":0,"k":[350,350,0],"ix":2},"a":{"a":0,"k":[350,350,0],"ix":1},"s":{"a":0,"k":[100,100,100],"ix":6}},"ao":0,"sw":700,"sh":700,"sc":"#ffffff","ip":0,"op":100,"st":0,"bm":0}],"markers":[]}